{
  "Logistic Regression": {
    "mean": 97.36686849868033,
    "std": 1.6627222216788005,
    "scores": [
      97.36842105263158,
      94.73684210526315,
      96.49122807017544,
      99.12280701754386,
      99.11504424778761
    ]
  },
  "Decision Tree": {
    "mean": 91.04021114733737,
    "std": 2.7875560352709154,
    "scores": [
      92.98245614035088,
      86.8421052631579,
      88.59649122807018,
      93.85964912280701,
      92.92035398230088
    ]
  },
  "Random Forest": {
    "mean": 95.4339388293743,
    "std": 1.282247907490383,
    "scores": [
      96.49122807017544,
      93.85964912280701,
      94.73684210526315,
      94.73684210526315,
      97.34513274336283
    ]
  },
  "Gradient Boosting": {
    "mean": 95.08306163639186,
    "std": 2.451829260642047,
    "scores": [
      96.49122807017544,
      90.35087719298247,
      95.6140350877193,
      95.6140350877193,
      97.34513274336283
    ]
  },
  "SVM": {
    "mean": 97.54075454122031,
    "std": 1.952495700843945,
    "scores": [
      99.12280701754386,
      93.85964912280701,
      97.36842105263158,
      99.12280701754386,
      98.23008849557522
    ]
  },
  "KNN": {
    "mean": 96.66045645086166,
    "std": 1.4043397605618138,
    "scores": [
      98.24561403508771,
      95.6140350877193,
      94.73684210526315,
      98.24561403508771,
      96.46017699115043
    ]
  }
}