{
  "Logistic Regression": {
    "accuracy": 96.49122807017544,
    "precision": 97.5,
    "recall": 92.85714285714286,
    "f1": 95.1219512195122
  },
  "Decision Tree": {
    "accuracy": 92.98245614035088,
    "precision": 90.47619047619048,
    "recall": 90.47619047619048,
    "f1": 90.47619047619048
  },
  "Random Forest": {
    "accuracy": 97.36842105263158,
    "precision": 100.0,
    "recall": 92.85714285714286,
    "f1": 96.29629629629629
  },
  "Gradient Boosting": {
    "accuracy": 96.49122807017544,
    "precision": 100.0,
    "recall": 90.47619047619048,
    "f1": 95.0
  },
  "SVM": {
    "accuracy": 97.36842105263158,
    "precision": 100.0,
    "recall": 92.85714285714286,
    "f1": 96.29629629629629
  },
  "KNN": {
    "accuracy": 95.6140350877193,
    "precision": 97.43589743589743,
    "recall": 90.47619047619048,
    "f1": 93.82716049382715
  }
}